{"cameraMode":{"drawMode":0,"name":"Shaded","section":"Shading Mode"},"sceneLighting":false,"audioPlay":false,"sceneViewState":{"showFog":false,"showMaterialUpdate":false,"showSkybox":false,"showFlares":false,"showImageEffects":false,"showParticleSystems":false},"in2DMode":false,"pivot":{"x":2.8530001640319826,"y":-0.8811922073364258,"z":3.9145307540893556},"rotation":{"x":0.26649245619773867,"y":0.6984720230102539,"z":-0.3197508156299591,"w":0.5821340084075928},"size":7.50811767578125,"orthographic":false}