{"cameraMode":{"drawMode":0,"name":"Shaded","section":"Shading Mode"},"sceneLighting":false,"audioPlay":false,"sceneViewState":{"showFog":false,"showMaterialUpdate":false,"showSkybox":false,"showFlares":false,"showImageEffects":false,"showParticleSystems":false},"in2DMode":false,"pivot":{"x":0.0,"y":0.7066826820373535,"z":0.0008170157670974731},"rotation":{"x":-0.010374309495091439,"y":0.9717046618461609,"z":-0.23194009065628053,"w":-0.043463557958602908},"size":1.1124428510665894,"orthographic":false}